{
  "capitals": {
    "AK": {
      "state_code": "AK",
      "city_name": "Juneau",
      "state_name": "Alaska",
      "lat": 58.301598,
      "long": -134.42021,
      "weather_station_id": "PAJN"
    },
    "AL": {
      "state_code": "AL",
      "city_name": "Montgomery",
      "state_name": "Alabama",
      "lat": 32.377716,
      "long": -86.30057,
      "weather_station_id": "KMGM"
    },
    "AR": {
      "state_code": "AR",
      "city_name": "Little Rock",
      "state_name": "Arkansas",
      "lat": 34.746613,
      "long": -92.28899,
      "weather_station_id": "KLIT"
    },
    "AZ": {
      "state_code": "AZ",
      "city_name": "Phoenix",
      "state_name": "Arizona",
      "lat": 33.448143,
      "long": -112.09696,
      "weather_station_id": "KPHX"
    },
    "CA": {
      "state_code": "CA",
      "city_name": "Sacramento",
      "state_name": "California",
      "lat": 38.576668,
      "long": -121.49363,
      "weather_station_id": "KSAC"
    },
    "CO": {
      "state_code": "CO",
      "city_name": "Denver",
      "state_name": "Colorado",
      "lat": 39.739227,
      "long": -104.984856,
      "weather_station_id": "KBKF"
    },
    "CT": {
      "state_code": "CT",
      "city_name": "Hartford",
      "state_name": "Connecticut",
      "lat": 41.764046,
      "long": -72.6822,
      "weather_station_id": "KHFD"
    },
    "DE": {
      "state_code": "DE",
      "city_name": "Dover",
      "state_name": "Delaware",
      "lat": 39.157307,
      "long": -75.51972,
      "weather_station_id": "KDOV"
    },
    "FL": {
      "state_code": "FL",
      "city_name": "Tallahassee",
      "state_name": "Florida",
      "lat": 30.438118,
      "long": -84.281296,
      "weather_station_id": "KTLH"
    },
    "GA": {
      "state_code": "GA",
      "city_name": "Atlanta",
      "state_name": "Georgia",
      "lat": 33.749027,
      "long": -84.38823,
      "weather_station_id": "KATL"
    },
    "HI": {
      "state_code": "HI",
      "city_name": "Honolulu",
      "state_name": "Hawaii",
      "lat": 21.307442,
      "long": -157.85738,
      "weather_station_id": "PHNL"
    },
    "IA": {
      "state_code": "IA",
      "city_name": "Des Moines",
      "state_name": "Iowa",
      "lat": 41.591087,
      "long": -93.60373,
      "weather_station_id": "KDSM"
    },
    "ID": {
      "state_code": "ID",
      "city_name": "Boise",
      "state_name": "Idaho",
      "lat": 43.617775,
      "long": -116.19972,
      "weather_station_id": "KBOI"
    },
    "IL": {
      "state_code": "IL",
      "city_name": "Springfield",
      "state_name": "Illinois",
      "lat": 39.798363,
      "long": -89.65496,
      "weather_station_id": "KSPI"
    },
    "IN": {
      "state_code": "IN",
      "city_name": "Indianapolis",
      "state_name": "Indiana",
      "lat": 39.768623,
      "long": -86.16264,
      "weather_station_id": "KIND"
    },
    "KS": {
      "state_code": "KS",
      "city_name": "Topeka",
      "state_name": "Kansas",
      "lat": 39.04819,
      "long": -95.677956,
      "weather_station_id": "KTOP"
    },
    "KY": {
      "state_code": "KY",
      "city_name": "Frankfort",
      "state_name": "Kentucky",
      "lat": 38.18672,
      "long": -84.875374,
      "weather_station_id": "KLEX"
    },
    "LA": {
      "state_code": "LA",
      "city_name": "Baton Rouge",
      "state_name": "Louisiana",
      "lat": 30.45707,
      "long": -91.18739,
      "weather_station_id": "KBTR"
    },
    "MA": {
      "state_code": "MA",
      "city_name": "Boston",
      "state_name": "Massachusetts",
      "lat": 42.358162,
      "long": -71.0637,
      "weather_station_id": "KBOS"
    },
    "MD": {
      "state_code": "MD",
      "city_name": "Annapolis",
      "state_name": "Maryland",
      "lat": 38.978764,
      "long": -76.49094,
      "weather_station_id": "KNAK"
    },
    "ME": {
      "state_code": "ME",
      "city_name": "Augusta",
      "state_name": "Maine",
      "lat": 44.307167,
      "long": -69.78169,
      "weather_station_id": "KAUG"
    },
    "MI": {
      "state_code": "MI",
      "city_name": "Lansing",
      "state_name": "Michigan",
      "lat": 42.733635,
      "long": -84.55533,
      "weather_station_id": "KLAN"
    },
    "MN": {
      "state_code": "MN",
      "city_name": "St. Paul",
      "state_name": "Minnesota",
      "lat": 44.955097,
      "long": -93.10221,
      "weather_station_id": "KSTP"
    },
    "MO": {
      "state_code": "MO",
      "city_name": "Jefferson City",
      "state_name": "Missouri",
      "lat": 38.5792,
      "long": -92.172935,
      "weather_station_id": "KJEF"
    },
    "MS": {
      "state_code": "MS",
      "city_name": "Jackson",
      "state_name": "Mississippi",
      "lat": 32.30385,
      "long": -90.182106,
      "weather_station_id": "KHKS"
    },
    "MT": {
      "state_code": "MT",
      "city_name": "Helena",
      "state_name": "Montana",
      "lat": 46.58571,
      "long": -112.01842,
      "weather_station_id": "KHLN"
    },
    "NC": {
      "state_code": "NC",
      "city_name": "Raleigh",
      "state_name": "North Carolina",
      "lat": 35.78043,
      "long": -78.6391,
      "weather_station_id": "KRDU"
    },
    "ND": {
      "state_code": "ND",
      "city_name": "Bismarck",
      "state_name": "North Dakota",
      "lat": 46.82085,
      "long": -100.78332,
      "weather_station_id": "KBIS"
    },
    "NE": {
      "state_code": "NE",
      "city_name": "Lincoln",
      "state_name": "Nebraska",
      "lat": 40.808075,
      "long": -96.69965,
      "weather_station_id": "KLNK"
    },
    "NH": {
      "state_code": "NH",
      "city_name": "Concord",
      "state_name": "New Hampshire",
      "lat": 43.206898,
      "long": -71.537994,
      "weather_station_id": "KCON"
    },
    "NJ": {
      "state_code": "NJ",
      "city_name": "Trenton",
      "state_name": "New Jersey",
      "lat": 40.220596,
      "long": -74.76991,
      "weather_station_id": "KTTN"
    },
    "NM": {
      "state_code": "NM",
      "city_name": "Santa Fe",
      "state_name": "New Mexico",
      "lat": 35.68224,
      "long": -105.93973,
      "weather_station_id": "KSAF"
    },
    "NV": {
      "state_code": "NV",
      "city_name": "Carson City",
      "state_name": "Nevada",
      "lat": 39.163914,
      "long": -119.76612,
      "weather_station_id": "KCXP"
    },
    "NY": {
      "state_code": "NY",
      "city_name": "Albany",
      "state_name": "New York",
      "lat": 42.652843,
      "long": -73.75787,
      "weather_station_id": "KALB"
    },
    "OH": {
      "state_code": "OH",
      "city_name": "Columbus",
      "state_name": "Ohio",
      "lat": 39.961346,
      "long": -82.99907,
      "weather_station_id": "KCMH"
    },
    "OK": {
      "state_code": "OK",
      "city_name": "Oklahoma City",
      "state_name": "Oklahoma",
      "lat": 35.492207,
      "long": -97.50334,
      "weather_station_id": "KTIK"
    },
    "OR": {
      "state_code": "OR",
      "city_name": "Salem",
      "state_name": "Oregon",
      "lat": 44.93846,
      "long": -123.0304,
      "weather_station_id": "KSLE"
    },
    "PA": {
      "state_code": "PA",
      "city_name": "Harrisburg",
      "state_name": "Pennsylvania",
      "lat": 40.264378,
      "long": -76.8836,
      "weather_station_id": "KCXY"
    },
    "RI": {
      "state_code": "RI",
      "city_name": "Providence",
      "state_name": "Rhode Island",
      "lat": 41.830914,
      "long": -71.41496,
      "weather_station_id": "KPVD"
    },
    "SC": {
      "state_code": "SC",
      "city_name": "Columbia",
      "state_name": "South Carolina",
      "lat": 34.000343,
      "long": -81.03321,
      "weather_station_id": "KCUB"
    },
    "SD": {
      "state_code": "SD",
      "city_name": "Pierre",
      "state_name": "South Dakota",
      "lat": 44.36703,
      "long": -100.346405,
      "weather_station_id": "KPIR"
    },
    "TN": {
      "state_code": "TN",
      "city_name": "Nashville",
      "state_name": "Tennessee",
      "lat": 36.16581,
      "long": -86.78424,
      "weather_station_id": "KBNA"
    },
    "TX": {
      "state_code": "TX",
      "city_name": "Austin",
      "state_name": "Texas",
      "lat": 30.27467,
      "long": -97.74035,
      "weather_station_id": "KATT"
    },
    "UT": {
      "state_code": "UT",
      "city_name": "Salt Lake City",
      "state_name": "Utah",
      "lat": 40.777477,
      "long": -111.88824,
      "weather_station_id": "KSLC"
    },
    "VA": {
      "state_code": "VA",
      "city_name": "Richmond",
      "state_name": "Virginia",
      "lat": 37.538857,
      "long": -77.43364,
      "weather_station_id": "KRIC"
    },
    "VT": {
      "state_code": "VT",
      "city_name": "Montpelier",
      "state_name": "Vermont",
      "lat": 44.262436,
      "long": -72.580536,
      "weather_station_id": "KMPV"
    },
    "WA": {
      "state_code": "WA",
      "city_name": "Olympia",
      "state_name": "Washington",
      "lat": 47.035805,
      "long": -122.905014,
      "weather_station_id": "KOLM"
    },
    "WI": {
      "state_code": "WI",
      "city_name": "Madison",
      "state_name": "Wisconsin",
      "lat": 43.074684,
      "long": -89.384445,
      "weather_station_id": "KMSN"
    },
    "WV": {
      "state_code": "WV",
      "city_name": "Charleston",
      "state_name": "West Virginia",
      "lat": 38.336246,
      "long": -81.61233,
      "weather_station_id": "KCRW"
    },
    "WY": {
      "state_code": "WY",
      "city_name": "Cheyenne",
      "state_name": "Wyoming",
      "lat": 41.14026,
      "long": -104.82024,
      "weather_station_id": "KCYS"
    }
  }
}
